,AchrBase,group,type,gene,b
1,CAN1,AN,ANR,CpG1,77
144,CAN1,AN,ANR,CpG2,15.94
287,CAN1,AN,ANR,CpG3,43.86
430,CAN1,AN,ANR,CpG4,54.08
573,CAN1,AN,ANR,CpG5,30.88
716,CAN1,AN,ANR,CpG6,37.78
859,CAN1,AN,ANR,CpG7,16.84
1002,CAN1,AN,ANR,CpG8,7.13
1145,CAN1,AN,ANR,CpG9,5.53
1288,CAN1,AN,ANR,CpG10,13.06
1431,CAN1,AN,ANR,CpG11,9.7
1574,CAN1,AN,ANR,CpG12,8.57
3,CAN11,AN,ANR,CpG1,86.83
146,CAN11,AN,ANR,CpG2,32.98
289,CAN11,AN,ANR,CpG3,35.86
432,CAN11,AN,ANR,CpG4,37.14
575,CAN11,AN,ANR,CpG5,18.66
718,CAN11,AN,ANR,CpG6,23.98
861,CAN11,AN,ANR,CpG7,11.83
1004,CAN11,AN,ANR,CpG8,2.86
1147,CAN11,AN,ANR,CpG9,4.84
1290,CAN11,AN,ANR,CpG10,7.49
1433,CAN11,AN,ANR,CpG11,11.69
1576,CAN11,AN,ANR,CpG12,11.9
7,CAN139,AN,ANR,CpG1,76.36
150,CAN139,AN,ANR,CpG2,34.04
293,CAN139,AN,ANR,CpG3,39.05
436,CAN139,AN,ANR,CpG4,47.2
579,CAN139,AN,ANR,CpG5,22.98
722,CAN139,AN,ANR,CpG6,34.67
865,CAN139,AN,ANR,CpG7,9.47
1008,CAN139,AN,ANR,CpG8,5.69
1151,CAN139,AN,ANR,CpG9,2.78
1294,CAN139,AN,ANR,CpG10,8.04
1437,CAN139,AN,ANR,CpG11,11.99
1580,CAN139,AN,ANR,CpG12,12.14
10,CAN153,AN,ANR,CpG1,81.06
153,CAN153,AN,ANR,CpG2,50.6
296,CAN153,AN,ANR,CpG3,30.83
439,CAN153,AN,ANR,CpG4,60.65
582,CAN153,AN,ANR,CpG5,31.41
725,CAN153,AN,ANR,CpG6,37.03
868,CAN153,AN,ANR,CpG7,25.23
1011,CAN153,AN,ANR,CpG8,8.21
1154,CAN153,AN,ANR,CpG9,7.36
1297,CAN153,AN,ANR,CpG10,10.78
1440,CAN153,AN,ANR,CpG11,14.76
1583,CAN153,AN,ANR,CpG12,14.48
11,CAN159,AN,ANR,CpG1,81.15
154,CAN159,AN,ANR,CpG2,26.22
297,CAN159,AN,ANR,CpG3,38.79
440,CAN159,AN,ANR,CpG4,50.18
583,CAN159,AN,ANR,CpG5,25.99
726,CAN159,AN,ANR,CpG6,37.83
869,CAN159,AN,ANR,CpG7,18.18
1012,CAN159,AN,ANR,CpG8,7.06
1155,CAN159,AN,ANR,CpG9,5.96
1298,CAN159,AN,ANR,CpG10,11.72
1441,CAN159,AN,ANR,CpG11,13.69
1584,CAN159,AN,ANR,CpG12,11.23
12,CAN16,AN,ANR,CpG1,72.38
155,CAN16,AN,ANR,CpG2,34.91
298,CAN16,AN,ANR,CpG3,30.85
441,CAN16,AN,ANR,CpG4,48.63
584,CAN16,AN,ANR,CpG5,29.2
727,CAN16,AN,ANR,CpG6,40.91
870,CAN16,AN,ANR,CpG7,15.78
1013,CAN16,AN,ANR,CpG8,4.39
1156,CAN16,AN,ANR,CpG9,4.23
1299,CAN16,AN,ANR,CpG10,10.85
1442,CAN16,AN,ANR,CpG11,13.06
1585,CAN16,AN,ANR,CpG12,10.05
16,CAN17,AN,ANR,CpG1,86.89
159,CAN17,AN,ANR,CpG2,28.56
302,CAN17,AN,ANR,CpG3,32.39
445,CAN17,AN,ANR,CpG4,38.05
588,CAN17,AN,ANR,CpG5,25.18
731,CAN17,AN,ANR,CpG6,27.16
874,CAN17,AN,ANR,CpG7,12.95
1017,CAN17,AN,ANR,CpG8,4.56
1160,CAN17,AN,ANR,CpG9,5.04
1303,CAN17,AN,ANR,CpG10,9.27
1446,CAN17,AN,ANR,CpG11,23.7
1589,CAN17,AN,ANR,CpG12,24.47
17,CAN170,AN,ANR,CpG1,82.61
160,CAN170,AN,ANR,CpG2,0
303,CAN170,AN,ANR,CpG3,63.16
446,CAN170,AN,ANR,CpG4,47.52
589,CAN170,AN,ANR,CpG5,29.89
732,CAN170,AN,ANR,CpG6,36.18
875,CAN170,AN,ANR,CpG7,18.15
1018,CAN170,AN,ANR,CpG8,4.44
1161,CAN170,AN,ANR,CpG9,2.74
1304,CAN170,AN,ANR,CpG10,10.94
1447,CAN170,AN,ANR,CpG11,6.18
1590,CAN170,AN,ANR,CpG12,5
18,CAN173,AN,ANR,CpG1,91.88
161,CAN173,AN,ANR,CpG2,33.4
304,CAN173,AN,ANR,CpG3,34.03
447,CAN173,AN,ANR,CpG4,54.6
590,CAN173,AN,ANR,CpG5,28.38
733,CAN173,AN,ANR,CpG6,43.54
876,CAN173,AN,ANR,CpG7,12.07
1019,CAN173,AN,ANR,CpG8,5.79
1162,CAN173,AN,ANR,CpG9,5.81
1305,CAN173,AN,ANR,CpG10,11
1448,CAN173,AN,ANR,CpG11,15.47
1591,CAN173,AN,ANR,CpG12,12.52
22,CAN183,AN,ANR,CpG1,79.38
165,CAN183,AN,ANR,CpG2,35.62
308,CAN183,AN,ANR,CpG3,32.24
451,CAN183,AN,ANR,CpG4,38.34
594,CAN183,AN,ANR,CpG5,14.42
737,CAN183,AN,ANR,CpG6,26.75
880,CAN183,AN,ANR,CpG7,16.4
1023,CAN183,AN,ANR,CpG8,4.77
1166,CAN183,AN,ANR,CpG9,3.92
1309,CAN183,AN,ANR,CpG10,7.72
1452,CAN183,AN,ANR,CpG11,10.88
1595,CAN183,AN,ANR,CpG12,10.62
23,CAN185,AN,ANR,CpG1,68.94
166,CAN185,AN,ANR,CpG2,30.47
309,CAN185,AN,ANR,CpG3,39.87
452,CAN185,AN,ANR,CpG4,42.89
595,CAN185,AN,ANR,CpG5,19.67
738,CAN185,AN,ANR,CpG6,29.31
881,CAN185,AN,ANR,CpG7,12.86
1024,CAN185,AN,ANR,CpG8,5
1167,CAN185,AN,ANR,CpG9,3.83
1310,CAN185,AN,ANR,CpG10,8.14
1453,CAN185,AN,ANR,CpG11,13.34
1596,CAN185,AN,ANR,CpG12,12.33
24,CAN186,AN,ANR,CpG1,70.02
167,CAN186,AN,ANR,CpG2,39.09
310,CAN186,AN,ANR,CpG3,48.8
453,CAN186,AN,ANR,CpG4,49.6
596,CAN186,AN,ANR,CpG5,31.13
739,CAN186,AN,ANR,CpG6,40.33
882,CAN186,AN,ANR,CpG7,17.99
1025,CAN186,AN,ANR,CpG8,6.7
1168,CAN186,AN,ANR,CpG9,5.44
1311,CAN186,AN,ANR,CpG10,11.19
1454,CAN186,AN,ANR,CpG11,13.67
1597,CAN186,AN,ANR,CpG12,13.09
27,CAN2,AN,ANR,CpG1,91.01
170,CAN2,AN,ANR,CpG2,35.64
313,CAN2,AN,ANR,CpG3,48.82
456,CAN2,AN,ANR,CpG4,47.09
599,CAN2,AN,ANR,CpG5,26.84
742,CAN2,AN,ANR,CpG6,39.17
885,CAN2,AN,ANR,CpG7,17.02
1028,CAN2,AN,ANR,CpG8,7.21
1171,CAN2,AN,ANR,CpG9,4.45
1314,CAN2,AN,ANR,CpG10,9.55
1457,CAN2,AN,ANR,CpG11,16.7
1600,CAN2,AN,ANR,CpG12,17.23
28,CAN201,AN,ANR,CpG1,78.57
171,CAN201,AN,ANR,CpG2,17.44
314,CAN201,AN,ANR,CpG3,48.89
457,CAN201,AN,ANR,CpG4,45.74
600,CAN201,AN,ANR,CpG5,23.48
743,CAN201,AN,ANR,CpG6,36.87
886,CAN201,AN,ANR,CpG7,16.44
1029,CAN201,AN,ANR,CpG8,5.81
1172,CAN201,AN,ANR,CpG9,5.07
1315,CAN201,AN,ANR,CpG10,9.45
1458,CAN201,AN,ANR,CpG11,22.42
1601,CAN201,AN,ANR,CpG12,22.43
29,CAN204,AN,ANR,CpG1,66.67
172,CAN204,AN,ANR,CpG2,19.44
315,CAN204,AN,ANR,CpG3,35.29
458,CAN204,AN,ANR,CpG4,43.27
601,CAN204,AN,ANR,CpG5,24.21
744,CAN204,AN,ANR,CpG6,34.19
887,CAN204,AN,ANR,CpG7,7.31
1030,CAN204,AN,ANR,CpG8,3.62
1173,CAN204,AN,ANR,CpG9,3.47
1316,CAN204,AN,ANR,CpG10,5.54
1459,CAN204,AN,ANR,CpG11,8.62
1602,CAN204,AN,ANR,CpG12,5.19
30,CAN207,AN,ANR,CpG1,69.14
173,CAN207,AN,ANR,CpG2,36.84
316,CAN207,AN,ANR,CpG3,28.71
459,CAN207,AN,ANR,CpG4,55.77
602,CAN207,AN,ANR,CpG5,26.96
745,CAN207,AN,ANR,CpG6,39.65
888,CAN207,AN,ANR,CpG7,17.82
1031,CAN207,AN,ANR,CpG8,7.73
1174,CAN207,AN,ANR,CpG9,4.55
1317,CAN207,AN,ANR,CpG10,8.96
1460,CAN207,AN,ANR,CpG11,11.88
1603,CAN207,AN,ANR,CpG12,11.95
31,CAN208,AN,ANR,CpG1,74.72
174,CAN208,AN,ANR,CpG2,32.65
317,CAN208,AN,ANR,CpG3,38.45
460,CAN208,AN,ANR,CpG4,42.58
603,CAN208,AN,ANR,CpG5,25.88
746,CAN208,AN,ANR,CpG6,28.15
889,CAN208,AN,ANR,CpG7,12.81
1032,CAN208,AN,ANR,CpG8,6.65
1175,CAN208,AN,ANR,CpG9,5.5
1318,CAN208,AN,ANR,CpG10,8.81
1461,CAN208,AN,ANR,CpG11,12.25
1604,CAN208,AN,ANR,CpG12,12.91
32,CAN209,AN,ANR,CpG1,99.1
175,CAN209,AN,ANR,CpG2,8.32
318,CAN209,AN,ANR,CpG3,87.86
461,CAN209,AN,ANR,CpG4,89.74
604,CAN209,AN,ANR,CpG5,19.13
747,CAN209,AN,ANR,CpG6,32.26
890,CAN209,AN,ANR,CpG7,1.13
1033,CAN209,AN,ANR,CpG8,6.9
1176,CAN209,AN,ANR,CpG9,9.06
1319,CAN209,AN,ANR,CpG10,9.68
1462,CAN209,AN,ANR,CpG11,17.23
1605,CAN209,AN,ANR,CpG12,14.72
33,CAN21,AN,ANR,CpG1,80.79
176,CAN21,AN,ANR,CpG2,68.85
319,CAN21,AN,ANR,CpG3,68.87
462,CAN21,AN,ANR,CpG4,42.11
605,CAN21,AN,ANR,CpG5,32.41
748,CAN21,AN,ANR,CpG6,26.82
891,CAN21,AN,ANR,CpG7,21.07
1034,CAN21,AN,ANR,CpG8,3
1177,CAN21,AN,ANR,CpG9,6.22
1320,CAN21,AN,ANR,CpG10,19.88
1463,CAN21,AN,ANR,CpG11,29.86
1606,CAN21,AN,ANR,CpG12,25.94
34,CAN211,AN,ANR,CpG1,70.91
177,CAN211,AN,ANR,CpG2,22.47
320,CAN211,AN,ANR,CpG3,60.78
463,CAN211,AN,ANR,CpG4,43.04
606,CAN211,AN,ANR,CpG5,13.7
749,CAN211,AN,ANR,CpG6,14.67
892,CAN211,AN,ANR,CpG7,0.57
1035,CAN211,AN,ANR,CpG8,13.66
1178,CAN211,AN,ANR,CpG9,15.68
1321,CAN211,AN,ANR,CpG10,2
1464,CAN211,AN,ANR,CpG11,8.36
1607,CAN211,AN,ANR,CpG12,9.42
36,CAN218,AN,ANR,CpG1,96.15
179,CAN218,AN,ANR,CpG2,2.33
322,CAN218,AN,ANR,CpG3,3.46
465,CAN218,AN,ANR,CpG4,35.02
608,CAN218,AN,ANR,CpG5,2.76
751,CAN218,AN,ANR,CpG6,31.25
894,CAN218,AN,ANR,CpG7,0.94
1037,CAN218,AN,ANR,CpG8,0.13
1180,CAN218,AN,ANR,CpG9,0.27
1323,CAN218,AN,ANR,CpG10,0.43
1466,CAN218,AN,ANR,CpG11,18.98
1609,CAN218,AN,ANR,CpG12,19.2
37,CAN220,AN,ANR,CpG1,31.68
180,CAN220,AN,ANR,CpG2,31.58
323,CAN220,AN,ANR,CpG3,6.54
466,CAN220,AN,ANR,CpG4,59.77
609,CAN220,AN,ANR,CpG5,15.7
752,CAN220,AN,ANR,CpG6,66.3
895,CAN220,AN,ANR,CpG7,1.44
1038,CAN220,AN,ANR,CpG8,0.52
1181,CAN220,AN,ANR,CpG9,0.49
1324,CAN220,AN,ANR,CpG10,6.25
1467,CAN220,AN,ANR,CpG11,11.1
1610,CAN220,AN,ANR,CpG12,14.71
40,CAN227,AN,ANR,CpG1,79.21
183,CAN227,AN,ANR,CpG2,26.79
326,CAN227,AN,ANR,CpG3,38.75
469,CAN227,AN,ANR,CpG4,46.17
612,CAN227,AN,ANR,CpG5,21.61
755,CAN227,AN,ANR,CpG6,29.12
898,CAN227,AN,ANR,CpG7,20.25
1041,CAN227,AN,ANR,CpG8,5.85
1184,CAN227,AN,ANR,CpG9,6.23
1327,CAN227,AN,ANR,CpG10,7.93
1470,CAN227,AN,ANR,CpG11,15.27
1613,CAN227,AN,ANR,CpG12,15.1
41,CAN229,AN,ANR,CpG1,28.5
184,CAN229,AN,ANR,CpG2,88.39
327,CAN229,AN,ANR,CpG3,26.59
470,CAN229,AN,ANR,CpG4,62.44
613,CAN229,AN,ANR,CpG5,70.91
756,CAN229,AN,ANR,CpG6,70.64
899,CAN229,AN,ANR,CpG7,73.02
1042,CAN229,AN,ANR,CpG8,22.9
1185,CAN229,AN,ANR,CpG9,37.42
1328,CAN229,AN,ANR,CpG10,35.73
1471,CAN229,AN,ANR,CpG11,37
1614,CAN229,AN,ANR,CpG12,36.44
42,CAN23,AN,ANR,CpG1,88.52
185,CAN23,AN,ANR,CpG2,30.47
328,CAN23,AN,ANR,CpG3,35.01
471,CAN23,AN,ANR,CpG4,35.6
614,CAN23,AN,ANR,CpG5,22.47
757,CAN23,AN,ANR,CpG6,30.94
900,CAN23,AN,ANR,CpG7,9.13
1043,CAN23,AN,ANR,CpG8,2.65
1186,CAN23,AN,ANR,CpG9,3.23
1329,CAN23,AN,ANR,CpG10,4.84
1472,CAN23,AN,ANR,CpG11,28.62
1615,CAN23,AN,ANR,CpG12,30.07
44,CAN24,AN,ANR,CpG1,63.06
187,CAN24,AN,ANR,CpG2,39.31
330,CAN24,AN,ANR,CpG3,32.49
473,CAN24,AN,ANR,CpG4,38.01
616,CAN24,AN,ANR,CpG5,19.12
759,CAN24,AN,ANR,CpG6,32.66
902,CAN24,AN,ANR,CpG7,15.46
1045,CAN24,AN,ANR,CpG8,4.08
1188,CAN24,AN,ANR,CpG9,4.57
1331,CAN24,AN,ANR,CpG10,7.99
1474,CAN24,AN,ANR,CpG11,21.94
1617,CAN24,AN,ANR,CpG12,23.32
45,CAN240,AN,ANR,CpG1,76.74
188,CAN240,AN,ANR,CpG2,27.59
331,CAN240,AN,ANR,CpG3,36.11
474,CAN240,AN,ANR,CpG4,49.12
617,CAN240,AN,ANR,CpG5,25.29
760,CAN240,AN,ANR,CpG6,34.27
903,CAN240,AN,ANR,CpG7,13.83
1046,CAN240,AN,ANR,CpG8,5.27
1189,CAN240,AN,ANR,CpG9,4.36
1332,CAN240,AN,ANR,CpG10,9.41
1475,CAN240,AN,ANR,CpG11,6.88
1618,CAN240,AN,ANR,CpG12,5.68
46,CAN244,AN,ANR,CpG1,79.81
189,CAN244,AN,ANR,CpG2,45.61
332,CAN244,AN,ANR,CpG3,45.35
475,CAN244,AN,ANR,CpG4,55.57
618,CAN244,AN,ANR,CpG5,26.43
761,CAN244,AN,ANR,CpG6,43.25
904,CAN244,AN,ANR,CpG7,21.44
1047,CAN244,AN,ANR,CpG8,3.42
1190,CAN244,AN,ANR,CpG9,4.21
1333,CAN244,AN,ANR,CpG10,8.36
1476,CAN244,AN,ANR,CpG11,12.46
1619,CAN244,AN,ANR,CpG12,12.66
49,CAN25,AN,ANR,CpG1,79.34
192,CAN25,AN,ANR,CpG2,21.85
335,CAN25,AN,ANR,CpG3,48.48
478,CAN25,AN,ANR,CpG4,44.72
621,CAN25,AN,ANR,CpG5,28.32
764,CAN25,AN,ANR,CpG6,44.09
907,CAN25,AN,ANR,CpG7,18.21
1050,CAN25,AN,ANR,CpG8,6.3
1193,CAN25,AN,ANR,CpG9,5.12
1336,CAN25,AN,ANR,CpG10,10.01
1479,CAN25,AN,ANR,CpG11,12.08
1622,CAN25,AN,ANR,CpG12,13
50,CAN250,AN,ANR,CpG1,81.67
193,CAN250,AN,ANR,CpG2,32.22
336,CAN250,AN,ANR,CpG3,41.99
479,CAN250,AN,ANR,CpG4,54.32
622,CAN250,AN,ANR,CpG5,31.27
765,CAN250,AN,ANR,CpG6,44.38
908,CAN250,AN,ANR,CpG7,13.79
1051,CAN250,AN,ANR,CpG8,9.02
1194,CAN250,AN,ANR,CpG9,4.02
1337,CAN250,AN,ANR,CpG10,11.67
1480,CAN250,AN,ANR,CpG11,14.54
1623,CAN250,AN,ANR,CpG12,13.03
51,CAN254,AN,ANR,CpG1,79.93
194,CAN254,AN,ANR,CpG2,32.83
337,CAN254,AN,ANR,CpG3,48.45
480,CAN254,AN,ANR,CpG4,56.71
623,CAN254,AN,ANR,CpG5,31.15
766,CAN254,AN,ANR,CpG6,47.21
909,CAN254,AN,ANR,CpG7,18.32
1052,CAN254,AN,ANR,CpG8,4.27
1195,CAN254,AN,ANR,CpG9,6.31
1338,CAN254,AN,ANR,CpG10,10.7
1481,CAN254,AN,ANR,CpG11,12.52
1624,CAN254,AN,ANR,CpG12,13.33
52,CAN260,AN,ANR,CpG1,88.58
195,CAN260,AN,ANR,CpG2,42.96
338,CAN260,AN,ANR,CpG3,29.76
481,CAN260,AN,ANR,CpG4,51.06
624,CAN260,AN,ANR,CpG5,33.56
767,CAN260,AN,ANR,CpG6,46.63
910,CAN260,AN,ANR,CpG7,16.61
1053,CAN260,AN,ANR,CpG8,6.97
1196,CAN260,AN,ANR,CpG9,9.17
1339,CAN260,AN,ANR,CpG10,10.98
1482,CAN260,AN,ANR,CpG11,12.93
1625,CAN260,AN,ANR,CpG12,11.98
53,CAN264,AN,ANR,CpG1,81.77
196,CAN264,AN,ANR,CpG2,14.3
339,CAN264,AN,ANR,CpG3,40.53
482,CAN264,AN,ANR,CpG4,48.07
625,CAN264,AN,ANR,CpG5,23.76
768,CAN264,AN,ANR,CpG6,34.36
911,CAN264,AN,ANR,CpG7,13.69
1054,CAN264,AN,ANR,CpG8,5.26
1197,CAN264,AN,ANR,CpG9,4.72
1340,CAN264,AN,ANR,CpG10,8.76
1483,CAN264,AN,ANR,CpG11,29.51
1626,CAN264,AN,ANR,CpG12,28.26
54,CAN272,AN,ANR,CpG1,74.02
197,CAN272,AN,ANR,CpG2,37.92
340,CAN272,AN,ANR,CpG3,40.96
483,CAN272,AN,ANR,CpG4,52.52
626,CAN272,AN,ANR,CpG5,31.28
769,CAN272,AN,ANR,CpG6,42.72
912,CAN272,AN,ANR,CpG7,17.18
1055,CAN272,AN,ANR,CpG8,5.8
1198,CAN272,AN,ANR,CpG9,4.41
1341,CAN272,AN,ANR,CpG10,10.15
1484,CAN272,AN,ANR,CpG11,22.67
1627,CAN272,AN,ANR,CpG12,20.42
55,CAN273,AN,ANR,CpG1,86.71
198,CAN273,AN,ANR,CpG2,56.91
341,CAN273,AN,ANR,CpG3,48.72
484,CAN273,AN,ANR,CpG4,49.12
627,CAN273,AN,ANR,CpG5,30.61
770,CAN273,AN,ANR,CpG6,40.96
913,CAN273,AN,ANR,CpG7,18.8
1056,CAN273,AN,ANR,CpG8,5.87
1199,CAN273,AN,ANR,CpG9,3.88
1342,CAN273,AN,ANR,CpG10,11.13
1485,CAN273,AN,ANR,CpG11,20.74
1628,CAN273,AN,ANR,CpG12,25.15
56,CAN29,AN,ANR,CpG1,79.07
199,CAN29,AN,ANR,CpG2,40.66
342,CAN29,AN,ANR,CpG3,22.05
485,CAN29,AN,ANR,CpG4,32.37
628,CAN29,AN,ANR,CpG5,18.78
771,CAN29,AN,ANR,CpG6,27.98
914,CAN29,AN,ANR,CpG7,13.37
1057,CAN29,AN,ANR,CpG8,4.52
1200,CAN29,AN,ANR,CpG9,3.43
1343,CAN29,AN,ANR,CpG10,7.68
1486,CAN29,AN,ANR,CpG11,28.42
1629,CAN29,AN,ANR,CpG12,28.33
58,CAN299,AN,ANR,CpG1,95.45
201,CAN299,AN,ANR,CpG2,49.96
344,CAN299,AN,ANR,CpG3,55.82
487,CAN299,AN,ANR,CpG4,47.73
630,CAN299,AN,ANR,CpG5,25.24
773,CAN299,AN,ANR,CpG6,34.53
916,CAN299,AN,ANR,CpG7,15.19
1059,CAN299,AN,ANR,CpG8,6.64
1202,CAN299,AN,ANR,CpG9,4.06
1345,CAN299,AN,ANR,CpG10,14.67
1488,CAN299,AN,ANR,CpG11,13.79
1631,CAN299,AN,ANR,CpG12,14.66
59,CAN307,AN,ANR,CpG1,86.45
202,CAN307,AN,ANR,CpG2,35.3
345,CAN307,AN,ANR,CpG3,45.03
488,CAN307,AN,ANR,CpG4,44.3
631,CAN307,AN,ANR,CpG5,24.03
774,CAN307,AN,ANR,CpG6,35.18
917,CAN307,AN,ANR,CpG7,14.84
1060,CAN307,AN,ANR,CpG8,5.77
1203,CAN307,AN,ANR,CpG9,3.78
1346,CAN307,AN,ANR,CpG10,7.42
1489,CAN307,AN,ANR,CpG11,12.77
1632,CAN307,AN,ANR,CpG12,13.23
62,CAN32,AN,ANR,CpG1,78.18
205,CAN32,AN,ANR,CpG2,38.84
348,CAN32,AN,ANR,CpG3,38.91
491,CAN32,AN,ANR,CpG4,47.57
634,CAN32,AN,ANR,CpG5,28.33
777,CAN32,AN,ANR,CpG6,39.71
920,CAN32,AN,ANR,CpG7,19.5
1063,CAN32,AN,ANR,CpG8,4.47
1206,CAN32,AN,ANR,CpG9,5.19
1349,CAN32,AN,ANR,CpG10,12.28
1492,CAN32,AN,ANR,CpG11,12.86
1635,CAN32,AN,ANR,CpG12,11.31
63,CAN329,AN,ANR,CpG1,82.03
206,CAN329,AN,ANR,CpG2,9.07
349,CAN329,AN,ANR,CpG3,59.77
492,CAN329,AN,ANR,CpG4,75.64
635,CAN329,AN,ANR,CpG5,37.91
778,CAN329,AN,ANR,CpG6,48.6
921,CAN329,AN,ANR,CpG7,26.44
1064,CAN329,AN,ANR,CpG8,6.81
1207,CAN329,AN,ANR,CpG9,6.67
1350,CAN329,AN,ANR,CpG10,16.11
1493,CAN329,AN,ANR,CpG11,27.69
1636,CAN329,AN,ANR,CpG12,27.7
64,CAN331,AN,ANR,CpG1,75.48
207,CAN331,AN,ANR,CpG2,33.48
350,CAN331,AN,ANR,CpG3,43.76
493,CAN331,AN,ANR,CpG4,48.82
636,CAN331,AN,ANR,CpG5,29.91
779,CAN331,AN,ANR,CpG6,40.34
922,CAN331,AN,ANR,CpG7,15.57
1065,CAN331,AN,ANR,CpG8,7.74
1208,CAN331,AN,ANR,CpG9,4.89
1351,CAN331,AN,ANR,CpG10,13
1494,CAN331,AN,ANR,CpG11,16.48
1637,CAN331,AN,ANR,CpG12,16.03
65,CAN332,AN,ANR,CpG1,81.94
208,CAN332,AN,ANR,CpG2,43.48
351,CAN332,AN,ANR,CpG3,42.19
494,CAN332,AN,ANR,CpG4,51.62
637,CAN332,AN,ANR,CpG5,28.69
780,CAN332,AN,ANR,CpG6,35.07
923,CAN332,AN,ANR,CpG7,10.97
1066,CAN332,AN,ANR,CpG8,3.92
1209,CAN332,AN,ANR,CpG9,5.28
1352,CAN332,AN,ANR,CpG10,7.83
1495,CAN332,AN,ANR,CpG11,7.16
1638,CAN332,AN,ANR,CpG12,7.4
69,CAN344,AN,ANR,CpG1,91.2
212,CAN344,AN,ANR,CpG2,10.49
355,CAN344,AN,ANR,CpG3,46.06
498,CAN344,AN,ANR,CpG4,68.33
641,CAN344,AN,ANR,CpG5,44.71
784,CAN344,AN,ANR,CpG6,49.53
927,CAN344,AN,ANR,CpG7,9.46
1070,CAN344,AN,ANR,CpG8,4.66
1213,CAN344,AN,ANR,CpG9,3.34
1356,CAN344,AN,ANR,CpG10,10.84
1499,CAN344,AN,ANR,CpG11,27.12
1642,CAN344,AN,ANR,CpG12,27.19
70,CAN35,AN,ANR,CpG1,96.15
213,CAN35,AN,ANR,CpG2,23.73
356,CAN35,AN,ANR,CpG3,23.43
499,CAN35,AN,ANR,CpG4,54.68
642,CAN35,AN,ANR,CpG5,37.49
785,CAN35,AN,ANR,CpG6,38.88
928,CAN35,AN,ANR,CpG7,21.18
1071,CAN35,AN,ANR,CpG8,3.75
1214,CAN35,AN,ANR,CpG9,6.05
1357,CAN35,AN,ANR,CpG10,10.21
1500,CAN35,AN,ANR,CpG11,26.16
1643,CAN35,AN,ANR,CpG12,25.93
71,CAN359,AN,ANR,CpG1,95.56
214,CAN359,AN,ANR,CpG2,45
357,CAN359,AN,ANR,CpG3,22.22
500,CAN359,AN,ANR,CpG4,29.27
643,CAN359,AN,ANR,CpG5,12.77
786,CAN359,AN,ANR,CpG6,26.43
929,CAN359,AN,ANR,CpG7,16.97
1072,CAN359,AN,ANR,CpG8,1.56
1215,CAN359,AN,ANR,CpG9,12.7
1358,CAN359,AN,ANR,CpG10,9.31
1501,CAN359,AN,ANR,CpG11,30.24
1644,CAN359,AN,ANR,CpG12,34.44
72,CAN36,AN,ANR,CpG1,99.6
215,CAN36,AN,ANR,CpG2,5.26
358,CAN36,AN,ANR,CpG3,97.14
501,CAN36,AN,ANR,CpG4,39.86
644,CAN36,AN,ANR,CpG5,21.86
787,CAN36,AN,ANR,CpG6,36.48
930,CAN36,AN,ANR,CpG7,0.48
1073,CAN36,AN,ANR,CpG8,2.91
1216,CAN36,AN,ANR,CpG9,7.44
1359,CAN36,AN,ANR,CpG10,12.24
1502,CAN36,AN,ANR,CpG11,19.52
1645,CAN36,AN,ANR,CpG12,19.94
74,CAN363,AN,ANR,CpG1,88.03
217,CAN363,AN,ANR,CpG2,44.54
360,CAN363,AN,ANR,CpG3,43.42
503,CAN363,AN,ANR,CpG4,59.97
646,CAN363,AN,ANR,CpG5,31.66
789,CAN363,AN,ANR,CpG6,36.25
932,CAN363,AN,ANR,CpG7,15.4
1075,CAN363,AN,ANR,CpG8,3.87
1218,CAN363,AN,ANR,CpG9,5.89
1361,CAN363,AN,ANR,CpG10,11.85
1504,CAN363,AN,ANR,CpG11,28.88
1647,CAN363,AN,ANR,CpG12,27.95
76,CAN37,AN,ANR,CpG1,78.53
219,CAN37,AN,ANR,CpG2,41.81
362,CAN37,AN,ANR,CpG3,50.71
505,CAN37,AN,ANR,CpG4,56.74
648,CAN37,AN,ANR,CpG5,27.34
791,CAN37,AN,ANR,CpG6,35.75
934,CAN37,AN,ANR,CpG7,14
1077,CAN37,AN,ANR,CpG8,5.11
1220,CAN37,AN,ANR,CpG9,4.19
1363,CAN37,AN,ANR,CpG10,6.37
1506,CAN37,AN,ANR,CpG11,27.51
1649,CAN37,AN,ANR,CpG12,27.63
79,CAN380,AN,ANR,CpG1,74.89
222,CAN380,AN,ANR,CpG2,36.49
365,CAN380,AN,ANR,CpG3,23.28
508,CAN380,AN,ANR,CpG4,63.52
651,CAN380,AN,ANR,CpG5,32.59
794,CAN380,AN,ANR,CpG6,36.62
937,CAN380,AN,ANR,CpG7,19.48
1080,CAN380,AN,ANR,CpG8,5.16
1223,CAN380,AN,ANR,CpG9,14.15
1366,CAN380,AN,ANR,CpG10,14.32
1509,CAN380,AN,ANR,CpG11,32.44
1652,CAN380,AN,ANR,CpG12,32.48
80,CAN385,AN,ANR,CpG1,64.05
223,CAN385,AN,ANR,CpG2,18.82
366,CAN385,AN,ANR,CpG3,31.97
509,CAN385,AN,ANR,CpG4,62.73
652,CAN385,AN,ANR,CpG5,36.25
795,CAN385,AN,ANR,CpG6,46.3
938,CAN385,AN,ANR,CpG7,16.52
1081,CAN385,AN,ANR,CpG8,5.39
1224,CAN385,AN,ANR,CpG9,4.91
1367,CAN385,AN,ANR,CpG10,12.51
1510,CAN385,AN,ANR,CpG11,24.33
1653,CAN385,AN,ANR,CpG12,22.03
82,CAN390,AN,ANR,CpG1,63.99
225,CAN390,AN,ANR,CpG2,46.42
368,CAN390,AN,ANR,CpG3,31.37
511,CAN390,AN,ANR,CpG4,51.41
654,CAN390,AN,ANR,CpG5,35.24
797,CAN390,AN,ANR,CpG6,52.1
940,CAN390,AN,ANR,CpG7,20.31
1083,CAN390,AN,ANR,CpG8,4.61
1226,CAN390,AN,ANR,CpG9,4.32
1369,CAN390,AN,ANR,CpG10,11.21
1512,CAN390,AN,ANR,CpG11,25
1655,CAN390,AN,ANR,CpG12,23.8
85,CAN404,AN,ANR,CpG1,84.05
228,CAN404,AN,ANR,CpG2,56.54
371,CAN404,AN,ANR,CpG3,52.24
514,CAN404,AN,ANR,CpG4,52.39
657,CAN404,AN,ANR,CpG5,35.02
800,CAN404,AN,ANR,CpG6,47.01
943,CAN404,AN,ANR,CpG7,9.64
1086,CAN404,AN,ANR,CpG8,6.07
1229,CAN404,AN,ANR,CpG9,9.2
1372,CAN404,AN,ANR,CpG10,9.23
1515,CAN404,AN,ANR,CpG11,20.61
1658,CAN404,AN,ANR,CpG12,20.66
86,CAN405,AN,ANR,CpG1,66.24
229,CAN405,AN,ANR,CpG2,25.85
372,CAN405,AN,ANR,CpG3,22.33
515,CAN405,AN,ANR,CpG4,53.55
658,CAN405,AN,ANR,CpG5,30.89
801,CAN405,AN,ANR,CpG6,52.59
944,CAN405,AN,ANR,CpG7,14.35
1087,CAN405,AN,ANR,CpG8,3.26
1230,CAN405,AN,ANR,CpG9,3.65
1373,CAN405,AN,ANR,CpG10,9.18
1516,CAN405,AN,ANR,CpG11,20.12
1659,CAN405,AN,ANR,CpG12,20.04
87,CAN418,AN,ANR,CpG1,74.62
230,CAN418,AN,ANR,CpG2,26.23
373,CAN418,AN,ANR,CpG3,30.65
516,CAN418,AN,ANR,CpG4,67.73
659,CAN418,AN,ANR,CpG5,17.97
802,CAN418,AN,ANR,CpG6,29.04
945,CAN418,AN,ANR,CpG7,29.81
1088,CAN418,AN,ANR,CpG8,7.11
1231,CAN418,AN,ANR,CpG9,4.01
1374,CAN418,AN,ANR,CpG10,6.61
1517,CAN418,AN,ANR,CpG11,19.9
1660,CAN418,AN,ANR,CpG12,20.31
89,CAN45,AN,ANR,CpG1,74.18
232,CAN45,AN,ANR,CpG2,21.94
375,CAN45,AN,ANR,CpG3,30.53
518,CAN45,AN,ANR,CpG4,44.53
661,CAN45,AN,ANR,CpG5,27.96
804,CAN45,AN,ANR,CpG6,34.84
947,CAN45,AN,ANR,CpG7,11.16
1090,CAN45,AN,ANR,CpG8,4.05
1233,CAN45,AN,ANR,CpG9,4.43
1376,CAN45,AN,ANR,CpG10,5.95
1519,CAN45,AN,ANR,CpG11,12.94
1662,CAN45,AN,ANR,CpG12,12.6
90,CAN5,AN,ANR,CpG1,99.52
233,CAN5,AN,ANR,CpG2,90.38
376,CAN5,AN,ANR,CpG3,91.35
519,CAN5,AN,ANR,CpG4,53.66
662,CAN5,AN,ANR,CpG5,9.76
805,CAN5,AN,ANR,CpG6,38.71
948,CAN5,AN,ANR,CpG7,13.6
1091,CAN5,AN,ANR,CpG8,0.41
1234,CAN5,AN,ANR,CpG9,0.91
1377,CAN5,AN,ANR,CpG10,0.67
1520,CAN5,AN,ANR,CpG11,16.83
1663,CAN5,AN,ANR,CpG12,28.12
93,CAN6,AN,ANR,CpG1,80.67
236,CAN6,AN,ANR,CpG2,41.32
379,CAN6,AN,ANR,CpG3,40.73
522,CAN6,AN,ANR,CpG4,38.88
665,CAN6,AN,ANR,CpG5,20.13
808,CAN6,AN,ANR,CpG6,27.79
951,CAN6,AN,ANR,CpG7,13.08
1094,CAN6,AN,ANR,CpG8,4.19
1237,CAN6,AN,ANR,CpG9,3.09
1380,CAN6,AN,ANR,CpG10,5.09
1523,CAN6,AN,ANR,CpG11,28.6
1666,CAN6,AN,ANR,CpG12,29.13
94,CAN8,AN,ANR,CpG1,81.31
237,CAN8,AN,ANR,CpG2,17.51
380,CAN8,AN,ANR,CpG3,20.53
523,CAN8,AN,ANR,CpG4,52.79
666,CAN8,AN,ANR,CpG5,23.84
809,CAN8,AN,ANR,CpG6,35.29
952,CAN8,AN,ANR,CpG7,22.98
1095,CAN8,AN,ANR,CpG8,8.52
1238,CAN8,AN,ANR,CpG9,9.98
1381,CAN8,AN,ANR,CpG10,6.01
1524,CAN8,AN,ANR,CpG11,25.15
1667,CAN8,AN,ANR,CpG12,18.74
96,CAN9,AN,ANR,CpG1,90.48
239,CAN9,AN,ANR,CpG2,23.35
382,CAN9,AN,ANR,CpG3,21.71
525,CAN9,AN,ANR,CpG4,56.96
668,CAN9,AN,ANR,CpG5,55.85
811,CAN9,AN,ANR,CpG6,52.61
954,CAN9,AN,ANR,CpG7,24.16
1097,CAN9,AN,ANR,CpG8,3.61
1240,CAN9,AN,ANR,CpG9,8.06
1383,CAN9,AN,ANR,CpG10,21.11
1526,CAN9,AN,ANR,CpG11,19.74
1669,CAN9,AN,ANR,CpG12,20.36
98,CAN97,AN,ANR,CpG1,60.44
241,CAN97,AN,ANR,CpG2,6.57
384,CAN97,AN,ANR,CpG3,28.2
527,CAN97,AN,ANR,CpG4,55.94
670,CAN97,AN,ANR,CpG5,23.85
813,CAN97,AN,ANR,CpG6,32.73
956,CAN97,AN,ANR,CpG7,17.92
1099,CAN97,AN,ANR,CpG8,2.27
1242,CAN97,AN,ANR,CpG9,5.54
1385,CAN97,AN,ANR,CpG10,9.65
1528,CAN97,AN,ANR,CpG11,24.03
1671,CAN97,AN,ANR,CpG12,23.26
2,CAN105,AN,ANBP,CpG1,83.67
145,CAN105,AN,ANBP,CpG2,30.69
288,CAN105,AN,ANBP,CpG3,42.92
431,CAN105,AN,ANBP,CpG4,49.39
574,CAN105,AN,ANBP,CpG5,23.61
717,CAN105,AN,ANBP,CpG6,33.05
860,CAN105,AN,ANBP,CpG7,18.57
1003,CAN105,AN,ANBP,CpG8,6.08
1146,CAN105,AN,ANBP,CpG9,4.72
1289,CAN105,AN,ANBP,CpG10,9.21
1432,CAN105,AN,ANBP,CpG11,13.85
1575,CAN105,AN,ANBP,CpG12,15.17
4,CAN115,AN,ANBP,CpG1,68.83
147,CAN115,AN,ANBP,CpG2,16.09
290,CAN115,AN,ANBP,CpG3,28.52
433,CAN115,AN,ANBP,CpG4,41.82
576,CAN115,AN,ANBP,CpG5,19.89
719,CAN115,AN,ANBP,CpG6,27.98
862,CAN115,AN,ANBP,CpG7,13.78
1005,CAN115,AN,ANBP,CpG8,5.85
1148,CAN115,AN,ANBP,CpG9,4.5
1291,CAN115,AN,ANBP,CpG10,7.79
1434,CAN115,AN,ANBP,CpG11,15.95
1577,CAN115,AN,ANBP,CpG12,13.53
5,CAN120,AN,ANBP,CpG1,61.45
148,CAN120,AN,ANBP,CpG2,22.78
291,CAN120,AN,ANBP,CpG3,25.47
434,CAN120,AN,ANBP,CpG4,28.31
577,CAN120,AN,ANBP,CpG5,11.41
720,CAN120,AN,ANBP,CpG6,14.29
863,CAN120,AN,ANBP,CpG7,5.5
1006,CAN120,AN,ANBP,CpG8,4.18
1149,CAN120,AN,ANBP,CpG9,5.04
1292,CAN120,AN,ANBP,CpG10,4.51
1435,CAN120,AN,ANBP,CpG11,12.21
1578,CAN120,AN,ANBP,CpG12,12.78
6,CAN138,AN,ANBP,CpG1,89.13
149,CAN138,AN,ANBP,CpG2,32.35
292,CAN138,AN,ANBP,CpG3,26.83
435,CAN138,AN,ANBP,CpG4,49.1
578,CAN138,AN,ANBP,CpG5,26.65
721,CAN138,AN,ANBP,CpG6,42.75
864,CAN138,AN,ANBP,CpG7,15.56
1007,CAN138,AN,ANBP,CpG8,4.74
1150,CAN138,AN,ANBP,CpG9,4.39
1293,CAN138,AN,ANBP,CpG10,10.32
1436,CAN138,AN,ANBP,CpG11,7.35
1579,CAN138,AN,ANBP,CpG12,6.66
8,CAN14,AN,ANBP,CpG1,71.37
151,CAN14,AN,ANBP,CpG2,23.97
294,CAN14,AN,ANBP,CpG3,30.94
437,CAN14,AN,ANBP,CpG4,39.81
580,CAN14,AN,ANBP,CpG5,20.73
723,CAN14,AN,ANBP,CpG6,29.17
866,CAN14,AN,ANBP,CpG7,11.79
1009,CAN14,AN,ANBP,CpG8,4.49
1152,CAN14,AN,ANBP,CpG9,5.4
1295,CAN14,AN,ANBP,CpG10,8.13
1438,CAN14,AN,ANBP,CpG11,13.81
1581,CAN14,AN,ANBP,CpG12,12.37
9,CAN142,AN,ANBP,CpG1,79.43
152,CAN142,AN,ANBP,CpG2,37.28
295,CAN142,AN,ANBP,CpG3,47.87
438,CAN142,AN,ANBP,CpG4,55.76
581,CAN142,AN,ANBP,CpG5,22.56
724,CAN142,AN,ANBP,CpG6,37.25
867,CAN142,AN,ANBP,CpG7,17.23
1010,CAN142,AN,ANBP,CpG8,4.83
1153,CAN142,AN,ANBP,CpG9,4
1296,CAN142,AN,ANBP,CpG10,8.03
1439,CAN142,AN,ANBP,CpG11,28.81
1582,CAN142,AN,ANBP,CpG12,27.57
13,CAN160,AN,ANBP,CpG1,85.33
156,CAN160,AN,ANBP,CpG2,33.29
299,CAN160,AN,ANBP,CpG3,45.6
442,CAN160,AN,ANBP,CpG4,51.23
585,CAN160,AN,ANBP,CpG5,33.43
728,CAN160,AN,ANBP,CpG6,40.7
871,CAN160,AN,ANBP,CpG7,18.78
1014,CAN160,AN,ANBP,CpG8,6.94
1157,CAN160,AN,ANBP,CpG9,6.8
1300,CAN160,AN,ANBP,CpG10,13.01
1443,CAN160,AN,ANBP,CpG11,15.55
1586,CAN160,AN,ANBP,CpG12,15.87
14,CAN163,AN,ANBP,CpG1,75
157,CAN163,AN,ANBP,CpG2,66.67
300,CAN163,AN,ANBP,CpG3,36.67
443,CAN163,AN,ANBP,CpG4,32.75
586,CAN163,AN,ANBP,CpG5,69.82
729,CAN163,AN,ANBP,CpG6,67.78
872,CAN163,AN,ANBP,CpG7,67.79
1015,CAN163,AN,ANBP,CpG8,0.75
1158,CAN163,AN,ANBP,CpG9,3.68
1301,CAN163,AN,ANBP,CpG10,4.03
1444,CAN163,AN,ANBP,CpG11,2.62
1587,CAN163,AN,ANBP,CpG12,2.49
15,CAN165,AN,ANBP,CpG1,83.87
158,CAN165,AN,ANBP,CpG2,57.65
301,CAN165,AN,ANBP,CpG3,64.96
444,CAN165,AN,ANBP,CpG4,34.05
587,CAN165,AN,ANBP,CpG5,27.37
730,CAN165,AN,ANBP,CpG6,32.93
873,CAN165,AN,ANBP,CpG7,13.12
1016,CAN165,AN,ANBP,CpG8,4.17
1159,CAN165,AN,ANBP,CpG9,3.7
1302,CAN165,AN,ANBP,CpG10,7.31
1445,CAN165,AN,ANBP,CpG11,27.24
1588,CAN165,AN,ANBP,CpG12,25.85
19,CAN175,AN,ANBP,CpG1,75.85
162,CAN175,AN,ANBP,CpG2,29.74
305,CAN175,AN,ANBP,CpG3,40.35
448,CAN175,AN,ANBP,CpG4,42.71
591,CAN175,AN,ANBP,CpG5,20.93
734,CAN175,AN,ANBP,CpG6,29.91
877,CAN175,AN,ANBP,CpG7,11.88
1020,CAN175,AN,ANBP,CpG8,5.08
1163,CAN175,AN,ANBP,CpG9,3.95
1306,CAN175,AN,ANBP,CpG10,8.87
1449,CAN175,AN,ANBP,CpG11,20.65
1592,CAN175,AN,ANBP,CpG12,22.76
20,CAN176,AN,ANBP,CpG1,72.52
163,CAN176,AN,ANBP,CpG2,29.24
306,CAN176,AN,ANBP,CpG3,48.29
449,CAN176,AN,ANBP,CpG4,42.44
592,CAN176,AN,ANBP,CpG5,23.04
735,CAN176,AN,ANBP,CpG6,30.83
878,CAN176,AN,ANBP,CpG7,14.79
1021,CAN176,AN,ANBP,CpG8,6.72
1164,CAN176,AN,ANBP,CpG9,5.06
1307,CAN176,AN,ANBP,CpG10,8.5
1450,CAN176,AN,ANBP,CpG11,14.47
1593,CAN176,AN,ANBP,CpG12,16.69
21,CAN180,AN,ANBP,CpG1,79.35
164,CAN180,AN,ANBP,CpG2,23.61
307,CAN180,AN,ANBP,CpG3,32.52
450,CAN180,AN,ANBP,CpG4,64.61
593,CAN180,AN,ANBP,CpG5,11.9
736,CAN180,AN,ANBP,CpG6,36.53
879,CAN180,AN,ANBP,CpG7,11.56
1022,CAN180,AN,ANBP,CpG8,6.1
1165,CAN180,AN,ANBP,CpG9,4.65
1308,CAN180,AN,ANBP,CpG10,9.57
1451,CAN180,AN,ANBP,CpG11,25.9
1594,CAN180,AN,ANBP,CpG12,24.97
25,CAN187,AN,ANBP,CpG1,97.6
168,CAN187,AN,ANBP,CpG2,5.77
311,CAN187,AN,ANBP,CpG3,5.7
454,CAN187,AN,ANBP,CpG4,34.84
597,CAN187,AN,ANBP,CpG5,37.18
740,CAN187,AN,ANBP,CpG6,39.72
883,CAN187,AN,ANBP,CpG7,0.59
1026,CAN187,AN,ANBP,CpG8,9.6
1169,CAN187,AN,ANBP,CpG9,9.45
1312,CAN187,AN,ANBP,CpG10,0.55
1455,CAN187,AN,ANBP,CpG11,15.94
1598,CAN187,AN,ANBP,CpG12,12.39
26,CAN190,AN,ANBP,CpG1,70.53
169,CAN190,AN,ANBP,CpG2,58.99
312,CAN190,AN,ANBP,CpG3,60.11
455,CAN190,AN,ANBP,CpG4,51.16
598,CAN190,AN,ANBP,CpG5,12.17
741,CAN190,AN,ANBP,CpG6,29.26
884,CAN190,AN,ANBP,CpG7,10.36
1027,CAN190,AN,ANBP,CpG8,2.76
1170,CAN190,AN,ANBP,CpG9,4.11
1313,CAN190,AN,ANBP,CpG10,8.56
1456,CAN190,AN,ANBP,CpG11,29.12
1599,CAN190,AN,ANBP,CpG12,30.06
35,CAN214,AN,ANBP,CpG1,94.29
178,CAN214,AN,ANBP,CpG2,32.96
321,CAN214,AN,ANBP,CpG3,91.89
464,CAN214,AN,ANBP,CpG4,83.41
607,CAN214,AN,ANBP,CpG5,4.33
750,CAN214,AN,ANBP,CpG6,33.28
893,CAN214,AN,ANBP,CpG7,40.69
1036,CAN214,AN,ANBP,CpG8,0.19
1179,CAN214,AN,ANBP,CpG9,0.9
1322,CAN214,AN,ANBP,CpG10,15.72
1465,CAN214,AN,ANBP,CpG11,16.99
1608,CAN214,AN,ANBP,CpG12,10.15
38,CAN225,AN,ANBP,CpG1,99.15
181,CAN225,AN,ANBP,CpG2,15.79
324,CAN225,AN,ANBP,CpG3,7.38
467,CAN225,AN,ANBP,CpG4,4.8
610,CAN225,AN,ANBP,CpG5,1.87
753,CAN225,AN,ANBP,CpG6,1.8
896,CAN225,AN,ANBP,CpG7,23.13
1039,CAN225,AN,ANBP,CpG8,0.78
1182,CAN225,AN,ANBP,CpG9,12.46
1325,CAN225,AN,ANBP,CpG10,1.67
1468,CAN225,AN,ANBP,CpG11,6.73
1611,CAN225,AN,ANBP,CpG12,6.9
39,CAN226,AN,ANBP,CpG1,72.45
182,CAN226,AN,ANBP,CpG2,22.04
325,CAN226,AN,ANBP,CpG3,52.76
468,CAN226,AN,ANBP,CpG4,48.4
611,CAN226,AN,ANBP,CpG5,35.75
754,CAN226,AN,ANBP,CpG6,41.51
897,CAN226,AN,ANBP,CpG7,17.2
1040,CAN226,AN,ANBP,CpG8,6.77
1183,CAN226,AN,ANBP,CpG9,5.31
1326,CAN226,AN,ANBP,CpG10,12.28
1469,CAN226,AN,ANBP,CpG11,14
1612,CAN226,AN,ANBP,CpG12,14.15
43,CAN230,AN,ANBP,CpG1,79.36
186,CAN230,AN,ANBP,CpG2,29.88
329,CAN230,AN,ANBP,CpG3,48.89
472,CAN230,AN,ANBP,CpG4,36.65
615,CAN230,AN,ANBP,CpG5,15.01
758,CAN230,AN,ANBP,CpG6,29.11
901,CAN230,AN,ANBP,CpG7,9.59
1044,CAN230,AN,ANBP,CpG8,3.56
1187,CAN230,AN,ANBP,CpG9,3.57
1330,CAN230,AN,ANBP,CpG10,9.29
1473,CAN230,AN,ANBP,CpG11,11.15
1616,CAN230,AN,ANBP,CpG12,10.97
47,CAN245,AN,ANBP,CpG1,71.97
190,CAN245,AN,ANBP,CpG2,23.71
333,CAN245,AN,ANBP,CpG3,45.88
476,CAN245,AN,ANBP,CpG4,52.18
619,CAN245,AN,ANBP,CpG5,29.92
762,CAN245,AN,ANBP,CpG6,36.75
905,CAN245,AN,ANBP,CpG7,17.24
1048,CAN245,AN,ANBP,CpG8,4.71
1191,CAN245,AN,ANBP,CpG9,4.9
1334,CAN245,AN,ANBP,CpG10,5.9
1477,CAN245,AN,ANBP,CpG11,16.25
1620,CAN245,AN,ANBP,CpG12,16.82
48,CAN248,AN,ANBP,CpG1,86.41
191,CAN248,AN,ANBP,CpG2,30.38
334,CAN248,AN,ANBP,CpG3,32.58
477,CAN248,AN,ANBP,CpG4,40.32
620,CAN248,AN,ANBP,CpG5,29.88
763,CAN248,AN,ANBP,CpG6,31.08
906,CAN248,AN,ANBP,CpG7,12.62
1049,CAN248,AN,ANBP,CpG8,3.09
1192,CAN248,AN,ANBP,CpG9,4.17
1335,CAN248,AN,ANBP,CpG10,8.74
1478,CAN248,AN,ANBP,CpG11,23.41
1621,CAN248,AN,ANBP,CpG12,23.92
57,CAN298,AN,ANBP,CpG1,86.89
200,CAN298,AN,ANBP,CpG2,17.46
343,CAN298,AN,ANBP,CpG3,32.64
486,CAN298,AN,ANBP,CpG4,46.14
629,CAN298,AN,ANBP,CpG5,21.36
772,CAN298,AN,ANBP,CpG6,29.41
915,CAN298,AN,ANBP,CpG7,14.98
1058,CAN298,AN,ANBP,CpG8,3.91
1201,CAN298,AN,ANBP,CpG9,4.34
1344,CAN298,AN,ANBP,CpG10,11.46
1487,CAN298,AN,ANBP,CpG11,12.96
1630,CAN298,AN,ANBP,CpG12,14.18
60,CAN31,AN,ANBP,CpG1,80.44
203,CAN31,AN,ANBP,CpG2,19.71
346,CAN31,AN,ANBP,CpG3,35.42
489,CAN31,AN,ANBP,CpG4,46.26
632,CAN31,AN,ANBP,CpG5,26.81
775,CAN31,AN,ANBP,CpG6,36.3
918,CAN31,AN,ANBP,CpG7,13.33
1061,CAN31,AN,ANBP,CpG8,5.25
1204,CAN31,AN,ANBP,CpG9,4.97
1347,CAN31,AN,ANBP,CpG10,13.83
1490,CAN31,AN,ANBP,CpG11,24.45
1633,CAN31,AN,ANBP,CpG12,23.06
61,CAN316,AN,ANBP,CpG1,81.16
204,CAN316,AN,ANBP,CpG2,33.58
347,CAN316,AN,ANBP,CpG3,29.7
490,CAN316,AN,ANBP,CpG4,63.6
633,CAN316,AN,ANBP,CpG5,46.01
776,CAN316,AN,ANBP,CpG6,52.88
919,CAN316,AN,ANBP,CpG7,15.6
1062,CAN316,AN,ANBP,CpG8,6.73
1205,CAN316,AN,ANBP,CpG9,7.03
1348,CAN316,AN,ANBP,CpG10,12.41
1491,CAN316,AN,ANBP,CpG11,11.46
1634,CAN316,AN,ANBP,CpG12,10.75
66,CAN334,AN,ANBP,CpG1,62.18
209,CAN334,AN,ANBP,CpG2,61.83
352,CAN334,AN,ANBP,CpG3,38.97
495,CAN334,AN,ANBP,CpG4,61.87
638,CAN334,AN,ANBP,CpG5,23.42
781,CAN334,AN,ANBP,CpG6,46.41
924,CAN334,AN,ANBP,CpG7,21.7
1067,CAN334,AN,ANBP,CpG8,4.56
1210,CAN334,AN,ANBP,CpG9,4.61
1353,CAN334,AN,ANBP,CpG10,5.07
1496,CAN334,AN,ANBP,CpG11,31.44
1639,CAN334,AN,ANBP,CpG12,29.7
67,CAN34,AN,ANBP,CpG1,87.49
210,CAN34,AN,ANBP,CpG2,45.25
353,CAN34,AN,ANBP,CpG3,54.04
496,CAN34,AN,ANBP,CpG4,49.17
639,CAN34,AN,ANBP,CpG5,26.7
782,CAN34,AN,ANBP,CpG6,28.33
925,CAN34,AN,ANBP,CpG7,19.35
1068,CAN34,AN,ANBP,CpG8,3.6
1211,CAN34,AN,ANBP,CpG9,2.33
1354,CAN34,AN,ANBP,CpG10,7.21
1497,CAN34,AN,ANBP,CpG11,21.89
1640,CAN34,AN,ANBP,CpG12,21.78
68,CAN342,AN,ANBP,CpG1,72.72
211,CAN342,AN,ANBP,CpG2,50.25
354,CAN342,AN,ANBP,CpG3,35.56
497,CAN342,AN,ANBP,CpG4,56.11
640,CAN342,AN,ANBP,CpG5,29.54
783,CAN342,AN,ANBP,CpG6,41.52
926,CAN342,AN,ANBP,CpG7,28.48
1069,CAN342,AN,ANBP,CpG8,5.37
1212,CAN342,AN,ANBP,CpG9,4.93
1355,CAN342,AN,ANBP,CpG10,7.25
1498,CAN342,AN,ANBP,CpG11,20.19
1641,CAN342,AN,ANBP,CpG12,18.68
73,CAN360,AN,ANBP,CpG1,77
216,CAN360,AN,ANBP,CpG2,16.23
359,CAN360,AN,ANBP,CpG3,39.9
502,CAN360,AN,ANBP,CpG4,50.52
645,CAN360,AN,ANBP,CpG5,27.63
788,CAN360,AN,ANBP,CpG6,38.73
931,CAN360,AN,ANBP,CpG7,14.01
1074,CAN360,AN,ANBP,CpG8,5.11
1217,CAN360,AN,ANBP,CpG9,1.24
1360,CAN360,AN,ANBP,CpG10,9.34
1503,CAN360,AN,ANBP,CpG11,33.32
1646,CAN360,AN,ANBP,CpG12,31.61
75,CAN364,AN,ANBP,CpG1,83.68
218,CAN364,AN,ANBP,CpG2,30.2
361,CAN364,AN,ANBP,CpG3,32.75
504,CAN364,AN,ANBP,CpG4,47.77
647,CAN364,AN,ANBP,CpG5,18.19
790,CAN364,AN,ANBP,CpG6,28.84
933,CAN364,AN,ANBP,CpG7,19.35
1076,CAN364,AN,ANBP,CpG8,2.68
1219,CAN364,AN,ANBP,CpG9,2.49
1362,CAN364,AN,ANBP,CpG10,7.21
1505,CAN364,AN,ANBP,CpG11,16.22
1648,CAN364,AN,ANBP,CpG12,15.5
77,CAN374,AN,ANBP,CpG1,70.79
220,CAN374,AN,ANBP,CpG2,42.38
363,CAN374,AN,ANBP,CpG3,42.84
506,CAN374,AN,ANBP,CpG4,40.85
649,CAN374,AN,ANBP,CpG5,8.52
792,CAN374,AN,ANBP,CpG6,39.56
935,CAN374,AN,ANBP,CpG7,21.25
1078,CAN374,AN,ANBP,CpG8,7.41
1221,CAN374,AN,ANBP,CpG9,6.65
1364,CAN374,AN,ANBP,CpG10,8.81
1507,CAN374,AN,ANBP,CpG11,27.71
1650,CAN374,AN,ANBP,CpG12,29.02
78,CAN379,AN,ANBP,CpG1,93.62
221,CAN379,AN,ANBP,CpG2,29.65
364,CAN379,AN,ANBP,CpG3,58.07
507,CAN379,AN,ANBP,CpG4,64.21
650,CAN379,AN,ANBP,CpG5,49.66
793,CAN379,AN,ANBP,CpG6,47.36
936,CAN379,AN,ANBP,CpG7,24.04
1079,CAN379,AN,ANBP,CpG8,15.93
1222,CAN379,AN,ANBP,CpG9,12.37
1365,CAN379,AN,ANBP,CpG10,15.04
1508,CAN379,AN,ANBP,CpG11,26.03
1651,CAN379,AN,ANBP,CpG12,26.26
81,CAN389,AN,ANBP,CpG1,70.09
224,CAN389,AN,ANBP,CpG2,34.76
367,CAN389,AN,ANBP,CpG3,26
510,CAN389,AN,ANBP,CpG4,64.5
653,CAN389,AN,ANBP,CpG5,32.33
796,CAN389,AN,ANBP,CpG6,40.29
939,CAN389,AN,ANBP,CpG7,22.48
1082,CAN389,AN,ANBP,CpG8,6.74
1225,CAN389,AN,ANBP,CpG9,3.66
1368,CAN389,AN,ANBP,CpG10,13.87
1511,CAN389,AN,ANBP,CpG11,24.45
1654,CAN389,AN,ANBP,CpG12,21.98
83,CAN393,AN,ANBP,CpG1,80.54
226,CAN393,AN,ANBP,CpG2,43.23
369,CAN393,AN,ANBP,CpG3,3.72
512,CAN393,AN,ANBP,CpG4,31.26
655,CAN393,AN,ANBP,CpG5,24.41
798,CAN393,AN,ANBP,CpG6,34.04
941,CAN393,AN,ANBP,CpG7,3.86
1084,CAN393,AN,ANBP,CpG8,2.36
1227,CAN393,AN,ANBP,CpG9,4.82
1370,CAN393,AN,ANBP,CpG10,19.36
1513,CAN393,AN,ANBP,CpG11,17.48
1656,CAN393,AN,ANBP,CpG12,16.13
84,CAN4,AN,ANBP,CpG1,74
227,CAN4,AN,ANBP,CpG2,1.02
370,CAN4,AN,ANBP,CpG3,50.07
513,CAN4,AN,ANBP,CpG4,31.45
656,CAN4,AN,ANBP,CpG5,21.37
799,CAN4,AN,ANBP,CpG6,30.65
942,CAN4,AN,ANBP,CpG7,12.44
1085,CAN4,AN,ANBP,CpG8,5.67
1228,CAN4,AN,ANBP,CpG9,7.48
1371,CAN4,AN,ANBP,CpG10,11.19
1514,CAN4,AN,ANBP,CpG11,21.94
1657,CAN4,AN,ANBP,CpG12,24.39
88,CAN43,AN,ANBP,CpG1,80.34
231,CAN43,AN,ANBP,CpG2,44.23
374,CAN43,AN,ANBP,CpG3,41.13
517,CAN43,AN,ANBP,CpG4,66.79
660,CAN43,AN,ANBP,CpG5,37.32
803,CAN43,AN,ANBP,CpG6,33.22
946,CAN43,AN,ANBP,CpG7,22.02
1089,CAN43,AN,ANBP,CpG8,10.25
1232,CAN43,AN,ANBP,CpG9,4.15
1375,CAN43,AN,ANBP,CpG10,17.08
1518,CAN43,AN,ANBP,CpG11,23.62
1661,CAN43,AN,ANBP,CpG12,23.11
91,CAN53,AN,ANBP,CpG1,93.2
234,CAN53,AN,ANBP,CpG2,17.64
377,CAN53,AN,ANBP,CpG3,33.76
520,CAN53,AN,ANBP,CpG4,43.38
663,CAN53,AN,ANBP,CpG5,23.54
806,CAN53,AN,ANBP,CpG6,28.63
949,CAN53,AN,ANBP,CpG7,16.63
1092,CAN53,AN,ANBP,CpG8,6.24
1235,CAN53,AN,ANBP,CpG9,3.21
1378,CAN53,AN,ANBP,CpG10,7.38
1521,CAN53,AN,ANBP,CpG11,21.81
1664,CAN53,AN,ANBP,CpG12,20.19
92,CAN57,AN,ANBP,CpG1,81.03
235,CAN57,AN,ANBP,CpG2,40
378,CAN57,AN,ANBP,CpG3,67.55
521,CAN57,AN,ANBP,CpG4,48.64
664,CAN57,AN,ANBP,CpG5,17.75
807,CAN57,AN,ANBP,CpG6,32.33
950,CAN57,AN,ANBP,CpG7,16.04
1093,CAN57,AN,ANBP,CpG8,6.08
1236,CAN57,AN,ANBP,CpG9,6.44
1379,CAN57,AN,ANBP,CpG10,12.04
1522,CAN57,AN,ANBP,CpG11,31.71
1665,CAN57,AN,ANBP,CpG12,31.75
95,CAN86,AN,ANBP,CpG1,64.15
238,CAN86,AN,ANBP,CpG2,30.89
381,CAN86,AN,ANBP,CpG3,38.75
524,CAN86,AN,ANBP,CpG4,47.19
667,CAN86,AN,ANBP,CpG5,16.73
810,CAN86,AN,ANBP,CpG6,30.06
953,CAN86,AN,ANBP,CpG7,9.77
1096,CAN86,AN,ANBP,CpG8,8.07
1239,CAN86,AN,ANBP,CpG9,4.94
1382,CAN86,AN,ANBP,CpG10,10
1525,CAN86,AN,ANBP,CpG11,27.19
1668,CAN86,AN,ANBP,CpG12,27.28
97,CAN96,AN,ANBP,CpG1,26.79
240,CAN96,AN,ANBP,CpG2,0.79
383,CAN96,AN,ANBP,CpG3,14.75
526,CAN96,AN,ANBP,CpG4,61.97
669,CAN96,AN,ANBP,CpG5,8.03
812,CAN96,AN,ANBP,CpG6,20.02
955,CAN96,AN,ANBP,CpG7,16.46
1098,CAN96,AN,ANBP,CpG8,4.9
1241,CAN96,AN,ANBP,CpG9,7.96
1384,CAN96,AN,ANBP,CpG10,7.03
1527,CAN96,AN,ANBP,CpG11,19.94
1670,CAN96,AN,ANBP,CpG12,13.24
99,CAN98,AN,ANBP,CpG1,71.35
242,CAN98,AN,ANBP,CpG2,39.58
385,CAN98,AN,ANBP,CpG3,37.59
528,CAN98,AN,ANBP,CpG4,71.68
671,CAN98,AN,ANBP,CpG5,26.64
814,CAN98,AN,ANBP,CpG6,53.81
957,CAN98,AN,ANBP,CpG7,24.92
1100,CAN98,AN,ANBP,CpG8,8.54
1243,CAN98,AN,ANBP,CpG9,5.28
1386,CAN98,AN,ANBP,CpG10,11.57
1529,CAN98,AN,ANBP,CpG11,30.02
1672,CAN98,AN,ANBP,CpG12,29.54
100,CAN99,AN,ANBP,CpG1,58.55
243,CAN99,AN,ANBP,CpG2,31.07
386,CAN99,AN,ANBP,CpG3,34.8
529,CAN99,AN,ANBP,CpG4,51.56
672,CAN99,AN,ANBP,CpG5,21.12
815,CAN99,AN,ANBP,CpG6,29.38
958,CAN99,AN,ANBP,CpG7,9.13
1101,CAN99,AN,ANBP,CpG8,4.82
1244,CAN99,AN,ANBP,CpG9,4.6
1387,CAN99,AN,ANBP,CpG10,12.68
1530,CAN99,AN,ANBP,CpG11,28.15
1673,CAN99,AN,ANBP,CpG12,25.21
101,KHC10,HC,HC,CpG1,74.11
244,KHC10,HC,HC,CpG2,32.24
387,KHC10,HC,HC,CpG3,37.39
530,KHC10,HC,HC,CpG4,36.86
673,KHC10,HC,HC,CpG5,27.7
816,KHC10,HC,HC,CpG6,35.02
959,KHC10,HC,HC,CpG7,11.17
1102,KHC10,HC,HC,CpG8,5.38
1245,KHC10,HC,HC,CpG9,5.18
1388,KHC10,HC,HC,CpG10,9.1
1531,KHC10,HC,HC,CpG11,14.68
1674,KHC10,HC,HC,CpG12,12.87
102,KHC11,HC,HC,CpG1,79.9
245,KHC11,HC,HC,CpG2,22.8
388,KHC11,HC,HC,CpG3,36.05
531,KHC11,HC,HC,CpG4,54.47
674,KHC11,HC,HC,CpG5,25.07
817,KHC11,HC,HC,CpG6,39.65
960,KHC11,HC,HC,CpG7,19.94
1103,KHC11,HC,HC,CpG8,6.67
1246,KHC11,HC,HC,CpG9,7.08
1389,KHC11,HC,HC,CpG10,10.24
1532,KHC11,HC,HC,CpG11,14.67
1675,KHC11,HC,HC,CpG12,16.73
103,KHC12,HC,HC,CpG1,78.06
246,KHC12,HC,HC,CpG2,36.66
389,KHC12,HC,HC,CpG3,44.11
532,KHC12,HC,HC,CpG4,40.33
675,KHC12,HC,HC,CpG5,21.27
818,KHC12,HC,HC,CpG6,30.58
961,KHC12,HC,HC,CpG7,13.05
1104,KHC12,HC,HC,CpG8,4.22
1247,KHC12,HC,HC,CpG9,5.22
1390,KHC12,HC,HC,CpG10,10.68
1533,KHC12,HC,HC,CpG11,14.29
1676,KHC12,HC,HC,CpG12,13.49
104,KHC124,HC,HC,CpG1,75.63
247,KHC124,HC,HC,CpG2,29.53
390,KHC124,HC,HC,CpG3,33.84
533,KHC124,HC,HC,CpG4,49.25
676,KHC124,HC,HC,CpG5,32.02
819,KHC124,HC,HC,CpG6,39.58
962,KHC124,HC,HC,CpG7,14.13
1105,KHC124,HC,HC,CpG8,6.13
1248,KHC124,HC,HC,CpG9,3.79
1391,KHC124,HC,HC,CpG10,8.5
1534,KHC124,HC,HC,CpG11,16.95
1677,KHC124,HC,HC,CpG12,16.07
105,KHC125,HC,HC,CpG1,72.42
248,KHC125,HC,HC,CpG2,25.58
391,KHC125,HC,HC,CpG3,50.57
534,KHC125,HC,HC,CpG4,46.79
677,KHC125,HC,HC,CpG5,28.52
820,KHC125,HC,HC,CpG6,33.01
963,KHC125,HC,HC,CpG7,13.01
1106,KHC125,HC,HC,CpG8,3.31
1249,KHC125,HC,HC,CpG9,4.63
1392,KHC125,HC,HC,CpG10,7.79
1535,KHC125,HC,HC,CpG11,16.51
1678,KHC125,HC,HC,CpG12,16.4
106,KHC13,HC,HC,CpG1,86.38
249,KHC13,HC,HC,CpG2,26.88
392,KHC13,HC,HC,CpG3,38.17
535,KHC13,HC,HC,CpG4,48.6
678,KHC13,HC,HC,CpG5,24.6
821,KHC13,HC,HC,CpG6,32.8
964,KHC13,HC,HC,CpG7,16.76
1107,KHC13,HC,HC,CpG8,6.51
1250,KHC13,HC,HC,CpG9,5.77
1393,KHC13,HC,HC,CpG10,8.99
1536,KHC13,HC,HC,CpG11,12.49
1679,KHC13,HC,HC,CpG12,13.22
107,KHC14,HC,HC,CpG1,75.44
250,KHC14,HC,HC,CpG2,34.34
393,KHC14,HC,HC,CpG3,38.93
536,KHC14,HC,HC,CpG4,52.78
679,KHC14,HC,HC,CpG5,30.76
822,KHC14,HC,HC,CpG6,39.13
965,KHC14,HC,HC,CpG7,16.69
1108,KHC14,HC,HC,CpG8,6.54
1251,KHC14,HC,HC,CpG9,6.35
1394,KHC14,HC,HC,CpG10,13.95
1537,KHC14,HC,HC,CpG11,12.24
1680,KHC14,HC,HC,CpG12,12.91
108,KHC140,HC,HC,CpG1,77.57
251,KHC140,HC,HC,CpG2,17.53
394,KHC140,HC,HC,CpG3,37.09
537,KHC140,HC,HC,CpG4,34.71
680,KHC140,HC,HC,CpG5,15.87
823,KHC140,HC,HC,CpG6,25.97
966,KHC140,HC,HC,CpG7,9.31
1109,KHC140,HC,HC,CpG8,4.1
1252,KHC140,HC,HC,CpG9,2.65
1395,KHC140,HC,HC,CpG10,5.57
1538,KHC140,HC,HC,CpG11,15.74
1681,KHC140,HC,HC,CpG12,16.04
109,KHC142,HC,HC,CpG1,86.33
252,KHC142,HC,HC,CpG2,29.81
395,KHC142,HC,HC,CpG3,41.15
538,KHC142,HC,HC,CpG4,51.15
681,KHC142,HC,HC,CpG5,28.62
824,KHC142,HC,HC,CpG6,37.3
967,KHC142,HC,HC,CpG7,12.35
1110,KHC142,HC,HC,CpG8,7.18
1253,KHC142,HC,HC,CpG9,5.36
1396,KHC142,HC,HC,CpG10,9.22
1539,KHC142,HC,HC,CpG11,15.52
1682,KHC142,HC,HC,CpG12,14.65
110,KHC143,HC,HC,CpG1,71.9
253,KHC143,HC,HC,CpG2,19.49
396,KHC143,HC,HC,CpG3,57.24
539,KHC143,HC,HC,CpG4,53.28
682,KHC143,HC,HC,CpG5,27.39
825,KHC143,HC,HC,CpG6,43.42
968,KHC143,HC,HC,CpG7,20.25
1111,KHC143,HC,HC,CpG8,6.9
1254,KHC143,HC,HC,CpG9,5.65
1397,KHC143,HC,HC,CpG10,7.41
1540,KHC143,HC,HC,CpG11,29.69
1683,KHC143,HC,HC,CpG12,29.19
111,KHC145,HC,HC,CpG1,74.9
254,KHC145,HC,HC,CpG2,23.73
397,KHC145,HC,HC,CpG3,41.3
540,KHC145,HC,HC,CpG4,43.29
683,KHC145,HC,HC,CpG5,26.45
826,KHC145,HC,HC,CpG6,34.79
969,KHC145,HC,HC,CpG7,11.61
1112,KHC145,HC,HC,CpG8,4.02
1255,KHC145,HC,HC,CpG9,5.88
1398,KHC145,HC,HC,CpG10,10.3
1541,KHC145,HC,HC,CpG11,18.51
1684,KHC145,HC,HC,CpG12,19.34
112,KHC15,HC,HC,CpG1,53.85
255,KHC15,HC,HC,CpG2,13.56
398,KHC15,HC,HC,CpG3,56.77
541,KHC15,HC,HC,CpG4,37.4
684,KHC15,HC,HC,CpG5,23.79
827,KHC15,HC,HC,CpG6,35.97
970,KHC15,HC,HC,CpG7,14.54
1113,KHC15,HC,HC,CpG8,4.62
1256,KHC15,HC,HC,CpG9,2.25
1399,KHC15,HC,HC,CpG10,8.11
1542,KHC15,HC,HC,CpG11,34.13
1685,KHC15,HC,HC,CpG12,34.27
113,KHC152,HC,HC,CpG1,63.25
256,KHC152,HC,HC,CpG2,27.6
399,KHC152,HC,HC,CpG3,38.11
542,KHC152,HC,HC,CpG4,39.55
685,KHC152,HC,HC,CpG5,17.74
828,KHC152,HC,HC,CpG6,27.13
971,KHC152,HC,HC,CpG7,11.04
1114,KHC152,HC,HC,CpG8,5.43
1257,KHC152,HC,HC,CpG9,4.24
1400,KHC152,HC,HC,CpG10,5.84
1543,KHC152,HC,HC,CpG11,35.37
1686,KHC152,HC,HC,CpG12,36.13
114,KHC153,HC,HC,CpG1,63.19
257,KHC153,HC,HC,CpG2,13.04
400,KHC153,HC,HC,CpG3,56.15
543,KHC153,HC,HC,CpG4,44.61
686,KHC153,HC,HC,CpG5,18.03
829,KHC153,HC,HC,CpG6,36.07
972,KHC153,HC,HC,CpG7,10.77
1115,KHC153,HC,HC,CpG8,5.32
1258,KHC153,HC,HC,CpG9,4.37
1401,KHC153,HC,HC,CpG10,9.39
1544,KHC153,HC,HC,CpG11,33.89
1687,KHC153,HC,HC,CpG12,35.47
115,KHC155,HC,HC,CpG1,86.76
258,KHC155,HC,HC,CpG2,21.26
401,KHC155,HC,HC,CpG3,37.69
544,KHC155,HC,HC,CpG4,60.42
687,KHC155,HC,HC,CpG5,44.43
830,KHC155,HC,HC,CpG6,47.15
973,KHC155,HC,HC,CpG7,18.35
1116,KHC155,HC,HC,CpG8,4.4
1259,KHC155,HC,HC,CpG9,3.85
1402,KHC155,HC,HC,CpG10,10.12
1545,KHC155,HC,HC,CpG11,26.62
1688,KHC155,HC,HC,CpG12,25.85
116,KHC156,HC,HC,CpG1,77.44
259,KHC156,HC,HC,CpG2,31.56
402,KHC156,HC,HC,CpG3,41.32
545,KHC156,HC,HC,CpG4,44.87
688,KHC156,HC,HC,CpG5,24.39
831,KHC156,HC,HC,CpG6,34.94
974,KHC156,HC,HC,CpG7,14.81
1117,KHC156,HC,HC,CpG8,4.66
1260,KHC156,HC,HC,CpG9,3.57
1403,KHC156,HC,HC,CpG10,5.42
1546,KHC156,HC,HC,CpG11,27.48
1689,KHC156,HC,HC,CpG12,27.77
117,KHC157,HC,HC,CpG1,65.79
260,KHC157,HC,HC,CpG2,37.62
403,KHC157,HC,HC,CpG3,30.84
546,KHC157,HC,HC,CpG4,43.51
689,KHC157,HC,HC,CpG5,30.6
832,KHC157,HC,HC,CpG6,36.21
975,KHC157,HC,HC,CpG7,10.13
1118,KHC157,HC,HC,CpG8,6.07
1261,KHC157,HC,HC,CpG9,4.77
1404,KHC157,HC,HC,CpG10,5.42
1547,KHC157,HC,HC,CpG11,35.07
1690,KHC157,HC,HC,CpG12,37
118,KHC158,HC,HC,CpG1,70.13
261,KHC158,HC,HC,CpG2,14.99
404,KHC158,HC,HC,CpG3,53.57
547,KHC158,HC,HC,CpG4,56.78
690,KHC158,HC,HC,CpG5,27.36
833,KHC158,HC,HC,CpG6,45.57
976,KHC158,HC,HC,CpG7,6.53
1119,KHC158,HC,HC,CpG8,4.54
1262,KHC158,HC,HC,CpG9,3.2
1405,KHC158,HC,HC,CpG10,8.33
1548,KHC158,HC,HC,CpG11,28.01
1691,KHC158,HC,HC,CpG12,28.27
119,KHC159,HC,HC,CpG1,78.13
262,KHC159,HC,HC,CpG2,30.48
405,KHC159,HC,HC,CpG3,49.54
548,KHC159,HC,HC,CpG4,46.63
691,KHC159,HC,HC,CpG5,10.68
834,KHC159,HC,HC,CpG6,18.8
977,KHC159,HC,HC,CpG7,12.13
1120,KHC159,HC,HC,CpG8,3.2
1263,KHC159,HC,HC,CpG9,4.92
1406,KHC159,HC,HC,CpG10,6.82
1549,KHC159,HC,HC,CpG11,27.18
1692,KHC159,HC,HC,CpG12,26.46
120,KHC160,HC,HC,CpG1,65.75
263,KHC160,HC,HC,CpG2,44.21
406,KHC160,HC,HC,CpG3,39.01
549,KHC160,HC,HC,CpG4,49.13
692,KHC160,HC,HC,CpG5,21.78
835,KHC160,HC,HC,CpG6,33.99
978,KHC160,HC,HC,CpG7,18.61
1121,KHC160,HC,HC,CpG8,5.33
1264,KHC160,HC,HC,CpG9,4.64
1407,KHC160,HC,HC,CpG10,7.87
1550,KHC160,HC,HC,CpG11,28.93
1693,KHC160,HC,HC,CpG12,30.89
121,KHC161,HC,HC,CpG1,80.96
264,KHC161,HC,HC,CpG2,41.99
407,KHC161,HC,HC,CpG3,52.2
550,KHC161,HC,HC,CpG4,45.7
693,KHC161,HC,HC,CpG5,16.04
836,KHC161,HC,HC,CpG6,30.01
979,KHC161,HC,HC,CpG7,16.24
1122,KHC161,HC,HC,CpG8,3.46
1265,KHC161,HC,HC,CpG9,4.58
1408,KHC161,HC,HC,CpG10,3.75
1551,KHC161,HC,HC,CpG11,23.89
1694,KHC161,HC,HC,CpG12,26.02
122,KHC162,HC,HC,CpG1,70.75
265,KHC162,HC,HC,CpG2,34.17
408,KHC162,HC,HC,CpG3,22.2
551,KHC162,HC,HC,CpG4,44.04
694,KHC162,HC,HC,CpG5,13.07
837,KHC162,HC,HC,CpG6,12.55
980,KHC162,HC,HC,CpG7,11.88
1123,KHC162,HC,HC,CpG8,4.25
1266,KHC162,HC,HC,CpG9,6
1409,KHC162,HC,HC,CpG10,7.84
1552,KHC162,HC,HC,CpG11,31.04
1695,KHC162,HC,HC,CpG12,31.95
123,KHC163,HC,HC,CpG1,75.96
266,KHC163,HC,HC,CpG2,31.24
409,KHC163,HC,HC,CpG3,38.12
552,KHC163,HC,HC,CpG4,48.21
695,KHC163,HC,HC,CpG5,31.39
838,KHC163,HC,HC,CpG6,34.52
981,KHC163,HC,HC,CpG7,8.73
1124,KHC163,HC,HC,CpG8,4.92
1267,KHC163,HC,HC,CpG9,3.08
1410,KHC163,HC,HC,CpG10,6.58
1553,KHC163,HC,HC,CpG11,27.72
1696,KHC163,HC,HC,CpG12,29.11
124,KHC17,HC,HC,CpG1,63.88
267,KHC17,HC,HC,CpG2,29.2
410,KHC17,HC,HC,CpG3,39.81
553,KHC17,HC,HC,CpG4,56.09
696,KHC17,HC,HC,CpG5,22.63
839,KHC17,HC,HC,CpG6,33.69
982,KHC17,HC,HC,CpG7,13.87
1125,KHC17,HC,HC,CpG8,4.37
1268,KHC17,HC,HC,CpG9,6.55
1411,KHC17,HC,HC,CpG10,5.94
1554,KHC17,HC,HC,CpG11,22.83
1697,KHC17,HC,HC,CpG12,22.66
125,KHC18,HC,HC,CpG1,71.1
268,KHC18,HC,HC,CpG2,18.08
411,KHC18,HC,HC,CpG3,27.62
554,KHC18,HC,HC,CpG4,50.82
697,KHC18,HC,HC,CpG5,19.54
840,KHC18,HC,HC,CpG6,28.75
983,KHC18,HC,HC,CpG7,15.54
1126,KHC18,HC,HC,CpG8,3.19
1269,KHC18,HC,HC,CpG9,3.63
1412,KHC18,HC,HC,CpG10,9.23
1555,KHC18,HC,HC,CpG11,21.27
1698,KHC18,HC,HC,CpG12,20.84
126,KHC19,HC,HC,CpG1,80.82
269,KHC19,HC,HC,CpG2,30.95
412,KHC19,HC,HC,CpG3,34.11
555,KHC19,HC,HC,CpG4,45.48
698,KHC19,HC,HC,CpG5,26.12
841,KHC19,HC,HC,CpG6,42.84
984,KHC19,HC,HC,CpG7,10.5
1127,KHC19,HC,HC,CpG8,5.89
1270,KHC19,HC,HC,CpG9,5.56
1413,KHC19,HC,HC,CpG10,10.14
1556,KHC19,HC,HC,CpG11,21.43
1699,KHC19,HC,HC,CpG12,21.82
127,KHC20,HC,HC,CpG1,60.5
270,KHC20,HC,HC,CpG2,13.04
413,KHC20,HC,HC,CpG3,26.46
556,KHC20,HC,HC,CpG4,37.59
699,KHC20,HC,HC,CpG5,20.39
842,KHC20,HC,HC,CpG6,28.02
985,KHC20,HC,HC,CpG7,14.57
1128,KHC20,HC,HC,CpG8,3.11
1271,KHC20,HC,HC,CpG9,6.17
1414,KHC20,HC,HC,CpG10,6.73
1557,KHC20,HC,HC,CpG11,22.3
1700,KHC20,HC,HC,CpG12,21.47
128,KHC21,HC,HC,CpG1,63.03
271,KHC21,HC,HC,CpG2,12.97
414,KHC21,HC,HC,CpG3,25.85
557,KHC21,HC,HC,CpG4,54.92
700,KHC21,HC,HC,CpG5,23.02
843,KHC21,HC,HC,CpG6,31.19
986,KHC21,HC,HC,CpG7,18.75
1129,KHC21,HC,HC,CpG8,2.4
1272,KHC21,HC,HC,CpG9,5.66
1415,KHC21,HC,HC,CpG10,9.4
1558,KHC21,HC,HC,CpG11,28.27
1701,KHC21,HC,HC,CpG12,28.03
129,KHC39,HC,HC,CpG1,77.73
272,KHC39,HC,HC,CpG2,3.97
415,KHC39,HC,HC,CpG3,52.34
558,KHC39,HC,HC,CpG4,55.12
701,KHC39,HC,HC,CpG5,20.03
844,KHC39,HC,HC,CpG6,38
987,KHC39,HC,HC,CpG7,7.87
1130,KHC39,HC,HC,CpG8,2.91
1273,KHC39,HC,HC,CpG9,3.07
1416,KHC39,HC,HC,CpG10,7.64
1559,KHC39,HC,HC,CpG11,22.97
1702,KHC39,HC,HC,CpG12,23.15
130,KHC40,HC,HC,CpG1,66.84
273,KHC40,HC,HC,CpG2,20.12
416,KHC40,HC,HC,CpG3,24.62
559,KHC40,HC,HC,CpG4,41.6
702,KHC40,HC,HC,CpG5,19.19
845,KHC40,HC,HC,CpG6,27.01
988,KHC40,HC,HC,CpG7,8.19
1131,KHC40,HC,HC,CpG8,4.9
1274,KHC40,HC,HC,CpG9,3.66
1417,KHC40,HC,HC,CpG10,5.72
1560,KHC40,HC,HC,CpG11,26.64
1703,KHC40,HC,HC,CpG12,28.15
131,KHC41,HC,HC,CpG1,59.04
274,KHC41,HC,HC,CpG2,39.34
417,KHC41,HC,HC,CpG3,37.42
560,KHC41,HC,HC,CpG4,37.9
703,KHC41,HC,HC,CpG5,19.42
846,KHC41,HC,HC,CpG6,32.62
989,KHC41,HC,HC,CpG7,15.89
1132,KHC41,HC,HC,CpG8,3.99
1275,KHC41,HC,HC,CpG9,3.95
1418,KHC41,HC,HC,CpG10,8.31
1561,KHC41,HC,HC,CpG11,24.4
1704,KHC41,HC,HC,CpG12,24.63
132,KHC42,HC,HC,CpG1,90.01
275,KHC42,HC,HC,CpG2,25.87
418,KHC42,HC,HC,CpG3,38.91
561,KHC42,HC,HC,CpG4,45.6
704,KHC42,HC,HC,CpG5,15.97
847,KHC42,HC,HC,CpG6,34.12
990,KHC42,HC,HC,CpG7,5.78
1133,KHC42,HC,HC,CpG8,3.86
1276,KHC42,HC,HC,CpG9,2.69
1419,KHC42,HC,HC,CpG10,7.4
1562,KHC42,HC,HC,CpG11,27.15
1705,KHC42,HC,HC,CpG12,26.84
133,KHC43,HC,HC,CpG1,99.89
276,KHC43,HC,HC,CpG2,0.58
419,KHC43,HC,HC,CpG3,84.19
562,KHC43,HC,HC,CpG4,39.7
705,KHC43,HC,HC,CpG5,1.4
848,KHC43,HC,HC,CpG6,3.59
991,KHC43,HC,HC,CpG7,10.22
1134,KHC43,HC,HC,CpG8,0.41
1277,KHC43,HC,HC,CpG9,5.32
1420,KHC43,HC,HC,CpG10,0.37
1563,KHC43,HC,HC,CpG11,18.72
1706,KHC43,HC,HC,CpG12,18.61
134,KHC44,HC,HC,CpG1,65.59
277,KHC44,HC,HC,CpG2,25.73
420,KHC44,HC,HC,CpG3,28.53
563,KHC44,HC,HC,CpG4,60.98
706,KHC44,HC,HC,CpG5,29.04
849,KHC44,HC,HC,CpG6,47.36
992,KHC44,HC,HC,CpG7,12.96
1135,KHC44,HC,HC,CpG8,4.84
1278,KHC44,HC,HC,CpG9,1.94
1421,KHC44,HC,HC,CpG10,8.71
1564,KHC44,HC,HC,CpG11,26.09
1707,KHC44,HC,HC,CpG12,27.09
135,KHC45,HC,HC,CpG1,91.08
278,KHC45,HC,HC,CpG2,53.85
421,KHC45,HC,HC,CpG3,50.79
564,KHC45,HC,HC,CpG4,46.12
707,KHC45,HC,HC,CpG5,31.27
850,KHC45,HC,HC,CpG6,38.63
993,KHC45,HC,HC,CpG7,17.83
1136,KHC45,HC,HC,CpG8,4.12
1279,KHC45,HC,HC,CpG9,6.47
1422,KHC45,HC,HC,CpG10,9.95
1565,KHC45,HC,HC,CpG11,32.09
1708,KHC45,HC,HC,CpG12,32.83
136,KHC46,HC,HC,CpG1,83.93
279,KHC46,HC,HC,CpG2,23.71
422,KHC46,HC,HC,CpG3,18.14
565,KHC46,HC,HC,CpG4,40.57
708,KHC46,HC,HC,CpG5,21.34
851,KHC46,HC,HC,CpG6,32.87
994,KHC46,HC,HC,CpG7,8.61
1137,KHC46,HC,HC,CpG8,5.22
1280,KHC46,HC,HC,CpG9,5.07
1423,KHC46,HC,HC,CpG10,8.34
1566,KHC46,HC,HC,CpG11,20.95
1709,KHC46,HC,HC,CpG12,20.71
137,KHC50,HC,HC,CpG1,58.9
280,KHC50,HC,HC,CpG2,40.76
423,KHC50,HC,HC,CpG3,64.81
566,KHC50,HC,HC,CpG4,53.5
709,KHC50,HC,HC,CpG5,33.52
852,KHC50,HC,HC,CpG6,34.8
995,KHC50,HC,HC,CpG7,15.75
1138,KHC50,HC,HC,CpG8,6.07
1281,KHC50,HC,HC,CpG9,5.37
1424,KHC50,HC,HC,CpG10,11.5
1567,KHC50,HC,HC,CpG11,30.42
1710,KHC50,HC,HC,CpG12,32.14
138,KHC62,HC,HC,CpG1,67.11
281,KHC62,HC,HC,CpG2,24.68
424,KHC62,HC,HC,CpG3,37.38
567,KHC62,HC,HC,CpG4,47.91
710,KHC62,HC,HC,CpG5,18.07
853,KHC62,HC,HC,CpG6,32.64
996,KHC62,HC,HC,CpG7,11.45
1139,KHC62,HC,HC,CpG8,4.86
1282,KHC62,HC,HC,CpG9,4.12
1425,KHC62,HC,HC,CpG10,6.47
1568,KHC62,HC,HC,CpG11,16.4
1711,KHC62,HC,HC,CpG12,14.24
139,KHC63,HC,HC,CpG1,81.02
282,KHC63,HC,HC,CpG2,35.91
425,KHC63,HC,HC,CpG3,36.6
568,KHC63,HC,HC,CpG4,49.93
711,KHC63,HC,HC,CpG5,24.64
854,KHC63,HC,HC,CpG6,33.73
997,KHC63,HC,HC,CpG7,18.39
1140,KHC63,HC,HC,CpG8,4.86
1283,KHC63,HC,HC,CpG9,3.75
1426,KHC63,HC,HC,CpG10,7.6
1569,KHC63,HC,HC,CpG11,11.7
1712,KHC63,HC,HC,CpG12,13.8
140,KHC64,HC,HC,CpG1,71.46
283,KHC64,HC,HC,CpG2,25.35
426,KHC64,HC,HC,CpG3,42.14
569,KHC64,HC,HC,CpG4,35.73
712,KHC64,HC,HC,CpG5,19.66
855,KHC64,HC,HC,CpG6,21.94
998,KHC64,HC,HC,CpG7,10.66
1141,KHC64,HC,HC,CpG8,5.3
1284,KHC64,HC,HC,CpG9,4.35
1427,KHC64,HC,HC,CpG10,7.36
1570,KHC64,HC,HC,CpG11,15.07
1713,KHC64,HC,HC,CpG12,14.99
141,KHC65,HC,HC,CpG1,88.74
284,KHC65,HC,HC,CpG2,8.64
427,KHC65,HC,HC,CpG3,9.79
570,KHC65,HC,HC,CpG4,24.14
713,KHC65,HC,HC,CpG5,10.87
856,KHC65,HC,HC,CpG6,20.39
999,KHC65,HC,HC,CpG7,7.98
1142,KHC65,HC,HC,CpG8,3.84
1285,KHC65,HC,HC,CpG9,2.42
1428,KHC65,HC,HC,CpG10,3.91
1571,KHC65,HC,HC,CpG11,20
1714,KHC65,HC,HC,CpG12,21.96
142,KHC66,HC,HC,CpG1,69.93
285,KHC66,HC,HC,CpG2,24.72
428,KHC66,HC,HC,CpG3,39.51
571,KHC66,HC,HC,CpG4,45.3
714,KHC66,HC,HC,CpG5,26.38
857,KHC66,HC,HC,CpG6,35.35
1000,KHC66,HC,HC,CpG7,14.08
1143,KHC66,HC,HC,CpG8,5.87
1286,KHC66,HC,HC,CpG9,4.24
1429,KHC66,HC,HC,CpG10,10.11
1572,KHC66,HC,HC,CpG11,14.01
1715,KHC66,HC,HC,CpG12,13.85
143,KHC67,HC,HC,CpG1,78.12
286,KHC67,HC,HC,CpG2,40.43
429,KHC67,HC,HC,CpG3,26.15
572,KHC67,HC,HC,CpG4,48.97
715,KHC67,HC,HC,CpG5,26.66
858,KHC67,HC,HC,CpG6,34.96
1001,KHC67,HC,HC,CpG7,13.67
1144,KHC67,HC,HC,CpG8,5.72
1287,KHC67,HC,HC,CpG9,4.93
1430,KHC67,HC,HC,CpG10,8.99
1573,KHC67,HC,HC,CpG11,9.69
1716,KHC67,HC,HC,CpG12,7.35
